,0
0,23.374861323990597
1,16.679253524246285
2,17.856660179243413
3,16.424914565419016
4,11.416678369199698
5,12.189153775608803
6,10.189470788835683
7,18.989602383638278
8,7.798759390851474
9,9.500618866136417
10,11.525620121632272
11,6.555985387057832
12,9.000647396832887
13,10.168050208178744
14,8.710002237850723
15,9.553402285129724
16,10.936558653079338
17,9.463376489304867
18,10.763735750233774
19,7.1519064844271085
20,6.563334397626429
21,8.585556324028495
22,9.539680273880384
23,6.042480667478911
24,5.546105865052207
25,7.854125444550295
26,6.8917065525003185
27,6.5855864864569424
28,6.697566496647105
29,5.131640771057218
30,5.271507032135253
31,6.71747942880943
32,5.492679976146019
33,6.037875980829078
34,7.438840183425741
35,5.273794013563687
36,4.763674115557713
37,6.313146307841996
38,5.853470237067578
39,6.064345442553897
40,5.294471394837128
41,6.010154958371981
42,5.209584387486192
43,5.726010571683714
44,5.189622269940746
45,5.252730595861863
46,5.4666291611621665
47,6.463164656490984
48,4.75955805126601
49,5.347074744040755
50,4.403687076447251
51,5.584874963545076
52,4.029135778585499
53,5.337609959949046
54,5.512451458980981
55,4.667357415204461
56,5.011569743684516
57,5.05362696669061
58,4.129408381776525
59,5.029326339461733
60,5.770568160848966
61,4.966888082222267
62,3.819800021471635
63,4.206802792902784
64,3.819944093006543
65,4.6773587508742915
66,4.770910121769035
67,5.246804386902571
68,3.3273330461652333
69,3.5109351411679093
70,4.575038843161177
71,4.811447825279287
72,5.008027877036313
73,4.110090761899684
74,4.0220817764867105
75,4.253081066991208
76,4.411909186478859
77,3.75454331531716
78,4.260522834836975
79,4.815166558905622
80,5.228585419016054
81,4.039384808444326
82,4.399174489110114
83,4.413278898313481
84,4.559667380724695
85,5.05950751520507
86,4.874370224155775
87,4.878319924042452
88,5.390895977548789
89,4.529471656420997
90,3.830978865436385
91,4.2313631891359265
92,4.099491533198441
93,4.445610930358523
94,4.6598620766461645
95,4.2371035359607685
96,4.417055121674482
97,4.824601749573201
98,5.040002905653635
99,4.375974208484916
100,4.161732106894249
101,3.851575284683231
102,4.578231282646791
103,3.8342717985580563
104,3.9888046909539376
105,4.6196630525418065
106,4.44066962656571
107,4.723879190428876
108,4.284488888637579
109,4.452798715473299
110,4.565718121711507
111,3.9829650843386473
112,3.7997896564736733
113,4.104534814791153
114,4.622246444248469
115,4.654752571202565
116,4.718849530422032
117,4.206779320575212
118,4.7521205698929645
119,4.72171964573025
120,4.585547484336776
121,4.216974558805688
122,4.384929705883108
123,5.087589400672716
124,3.958553285025121
125,4.5391008213718935
126,4.112034601762256
127,4.088648157373266
128,4.483583321692
129,4.426134679412963
130,3.5704084694935703
131,4.3324893121199
132,4.8329668806324175
133,4.8402067353650216
134,4.079157221822585
135,4.626909168847696
136,3.946110045293993
137,3.8051080386218126
138,3.742351442740893
139,4.500650441022761
140,4.23632831369531
141,4.123089059087875
142,3.978093919652356
143,4.0572814315735615
144,4.427323442784943
145,5.546495266184634
146,4.464321558286314
147,4.940001749368829
148,4.140309409914828
149,3.5685162922863696
150,4.972384064413596
151,4.495334083143957
152,4.261633769567673
153,4.509625841426337
154,3.94564582124194
155,4.188203068343069
156,3.778361180526755
157,4.363926464500754
158,4.848339393433795
159,5.02888050385582
160,4.4734624118394635
161,4.287972050560569
162,5.4152606892154305
163,4.342171747939073
164,4.372675197319228
165,4.611339961695753
166,4.356455549266705
167,4.4007684571348324
168,4.810188501429049
169,3.8207406644506117
170,4.863725556591646
171,4.453208387368102
172,4.65024695960165
173,4.125231810887673
174,3.905982047049237
175,4.062054535118352
176,4.571134646883444
177,4.061453400211118
178,4.473921445152108
179,3.610226214606028
180,4.216628572731257
181,4.98412182523265
182,4.607769971710898
183,4.45042671990111
184,4.32667275786654
185,4.594918059154189
186,5.005591871457889
187,4.409359138367887
188,4.736218424148728
189,4.5050982973767475
190,4.778460436390555
191,4.327751434320035
192,3.813203892094174
193,4.276756424089976
194,4.371182661224751
195,4.182002522309371
196,3.9826688178218657
197,4.130126562378745
198,3.745907116573217
199,4.376813344563432
200,5.003183350649945
201,4.810313380376713
202,3.6978142522793345
203,4.164896209429663
204,4.151990910000887
205,4.5666575885023395
206,4.246267333451216
207,4.030493407932249
208,4.108182255129313
209,4.559718146917659
210,4.3188863624831475
211,4.111629990930481
212,4.141724416604135
213,4.528444425798338
214,4.045741975342369
215,4.3824290660305705
216,3.831446365810921
217,4.716760953784464
218,4.289569909300196
219,4.081825936308659
220,4.386638086372552
221,4.656811162358474
222,4.501100748922785
223,4.960478781975002
224,4.542772607026478
225,4.203439816104153
226,4.469679103870399
227,4.487489487694776
228,4.332861876117234
229,4.304102663499647
230,4.468889643323289
231,4.224339197153642
232,4.274611030396617
233,4.11594863653242
234,4.439360371918971
235,4.602012779465269
236,4.557030257989127
237,4.049602419096914
238,4.02128101595022
239,4.5619558107367775
240,4.50783413425969
241,4.068138398579567
242,3.646021483650846
243,4.943362972955401
244,3.766530246856802
245,4.412406500987441
246,4.403581825781945
247,4.386446194368559
248,4.038900410665984
249,4.361434067825293
250,4.4650937749183885
251,3.8896559594416433
252,3.936075335773298
253,4.201601963285434
254,4.745323865624807
255,4.2967050993666875
256,4.189214372037191
257,4.385461676800343
258,4.392114870281327
259,4.7310101012084465
260,4.717014294534353
261,4.092469270480874
262,4.588669224089884
263,3.8495355606154633
264,4.40659936078675
265,4.192158907571489
266,4.606897092148065
267,4.20466703536357
268,4.596200546201017
269,4.505829389846679
270,4.6949094376979605
271,4.625827526484585
272,4.003457334565527
273,4.6468431613175065
274,4.686653374552713
275,4.3061713368142325
276,4.058400766238083
277,3.503019373416644
278,4.215930831240504
279,3.889471041291117
280,4.034810923076792
281,4.131116111262049
282,4.969576543533749
283,4.305409809369941
284,4.440621993999982
285,3.794577129038075
286,4.168472379235011
287,4.113765582117632
288,4.095791990314567
289,4.466100053866128
290,4.182402369537932
291,4.519080495128287
292,4.02205782680121
293,4.292409584620427
294,4.319478125623632
295,4.9238178188792014
296,4.02415006277782
297,4.105128603083047
298,4.341972790234539
299,5.120992862747327
300,4.613224894052499
301,4.554378488936217
302,4.610844598266034
303,4.718996318056642
304,4.22589402473331
305,4.2733308665726835
306,4.731259997936119
307,3.5963939845614257
308,4.019815329349809
309,4.374859554206367
310,4.069594990860232
311,4.230638003571896
312,3.862584143724036
313,4.023164323287949
314,4.416004363619904
315,4.2004606268600675
316,4.4353062935096
317,4.92140344600514
318,4.4480945346921406
319,4.445142984939341
320,3.6722489960130407
321,4.948160823944023
322,3.672235122481416
323,3.940556219521261
324,4.898733660529912
325,4.22767487254611
326,4.7074051446348335
327,4.183557792379178
328,4.365992080649917
329,4.438094406341219
330,4.344980303214324
331,4.069656903718636
332,4.45060881542877
333,4.174724759107789
334,3.928686904046298
335,3.806812641350119
336,3.8456745505565166
337,4.694572369742758
338,3.6548878522120347
339,3.2418510825935667
340,4.746935793773737
341,4.402439372185102
342,3.7818104003082267
343,4.318739314233578
344,4.760857958541693
345,4.172935271434218
346,3.9729210543078493
347,4.467206466344219
348,4.096661980928866
349,3.978893535816627
350,4.66423074469185
351,4.006605117163317
352,4.749699160219395
353,3.8985503605448137
354,4.8864447194524
355,4.3252723136687505
356,4.407077063969237
357,4.657594534164603
358,3.5715012223020777
359,4.715834620437696
360,4.507553376115425
361,4.300603870702128
362,3.9589101678357537
363,4.412719540088815
364,3.8686478444898564
365,4.194997848999449
366,4.437719609089359
367,4.652665143645763
368,4.324278445861046
369,4.0267065616944056
370,4.902994213255442
371,4.382754322396699
372,4.243956984905477
373,4.204755272320702
374,4.942448940989472
375,4.50065458316317
376,4.4283548866694895
377,4.0514490330431085
378,4.871922457615623
379,3.9968210679775327
380,4.291977782584205
381,4.346226174305773
382,4.078705765858779
383,3.6223129356937065
384,4.476119080245974
385,3.7641737739115193
386,4.271578218226378
387,4.5116190390427775
388,4.161364138685782
389,4.0189569766277895
390,4.20054579189125
391,3.9903620044604353
392,4.61829130007348
393,4.146378928194468
394,4.503193129827019
395,4.651768364710674
396,4.141493770635786
397,4.681386793350317
398,4.0323726078331195
399,3.9510612043242666
400,4.061182326474473
401,5.126250856524648
402,4.582047168384497
403,4.389537343149644
404,4.5763574736737125
405,4.053340292713372
406,4.178812060420054
407,4.378740749910361
408,4.31583546465925
409,4.1166940182882445
410,3.9437185802443646
411,4.137737831845014
412,4.067466948207633
413,4.529240384654097
414,4.36722559070731
415,4.658933383574678
416,4.032352154837767
417,3.9586031733769556
418,4.7432750680637925
419,4.3466138896065925
420,4.475339785778246
421,4.082371414710161
422,4.317055279067563
423,4.257048067732094
424,4.2084889802452965
425,4.880690623672387
426,4.775492508987725
427,4.078547715534128
428,3.878462680201106
429,4.5100577729313045
430,4.197443315175282
431,4.645806869615704
432,4.682211862407569
433,3.761287569200767
434,4.495982045716644
435,4.509597337075239
436,4.334094922059087
437,4.1063286121619615
438,4.492162118275594
439,4.328988736031991
440,4.148690137543785
441,3.825058014561759
442,4.498616743554489
443,4.750945934721833
444,4.942729357157777
445,4.123141365151163
446,3.892826604890106
447,4.629513303576776
448,4.599440568560983
449,3.8352073816092744
450,4.604233926114969
451,3.9099974756621934
452,4.074711937345724
453,3.964231131128714
454,4.505119001060598
455,4.581516554992244
456,4.735468936729497
457,3.949203858637405
458,4.516374013072997
459,4.416209842634239
460,4.429895218536728
461,4.082301078753105
462,4.2876893378640695
463,3.778789774389683
464,4.541702032435976
465,4.283445100543153
466,3.834329406880894
467,4.814287790420554
468,4.620249696446441
469,4.34972771818734
470,4.433847918406846
471,4.354049517069963
472,4.133203481963635
473,4.004616107446743
474,4.135167705759711
475,4.132872320780404
476,4.385927630503326
477,4.687457561242472
478,4.395105373979003
479,4.133561742467084
480,4.049549329002302
481,5.030797375476671
482,4.09043748582033
483,4.449549944791606
484,4.392301529818969
485,4.742575660867113
486,4.158437892955921
487,4.1859969839071995
488,4.671005816659217
489,4.9277140465441205
490,4.251321954549509
491,4.4725272218894165
492,4.305381771079258
493,3.696261591261048
494,4.3072498091840306
495,4.177014150709309
496,4.96003537592028
497,4.528020559281041
498,4.6043335321064705
499,4.014015575440259
500,4.219481019603253
501,4.257539746426996
502,3.9327680985141695
503,4.08625397750559
504,3.9483799541867377
505,4.2387677079512285
506,4.431623013494917
507,3.77536824884833
508,4.527302979193549
509,3.959565880703398
510,3.8234285529864236
511,4.219992455229753
512,3.780737978713546
513,4.247508941782431
514,3.957563443058276
515,4.635588841959971
516,4.415017645562196
517,4.111683973227751
518,4.422986660627937
519,4.306132879018997
520,4.180884307685146
521,4.810533368126576
522,3.6980057078496973
523,4.231168625552357
524,4.0998809399226435
525,4.235560233517618
526,4.290778017613649
527,4.358064191829959
528,4.075840293186172
529,3.8506621897176725
530,3.752677043769661
531,4.319972233907675
532,4.004937855676575
533,4.5643352261814405
534,4.170802080644155
535,4.523976226703621
536,4.429580924685277
537,4.018546038514473
538,5.098025886530289
539,4.317346942501341
540,4.5103704337756625
541,3.960348219356261
542,4.430784767473459
543,4.59659050986517
544,4.7244038569032405
545,4.19760650287222
546,3.6162781712371035
547,4.30628800403058
548,3.5800811620481467
549,4.1782568107553235
550,4.190288383364665
551,4.331321571769088
552,4.288014927013392
553,4.656424612311863
554,5.031716625058253
555,4.901418088078764
556,4.559168371078146
557,4.048627151135186
558,4.215953771577455
559,4.178335059994525
560,4.4737009246758666
561,4.917927986556378
562,4.5300915947218865
563,4.000738252446477
564,4.2410448468368935
565,4.181298859676351
566,3.9722020028868004
567,4.352489886378743
568,4.415367989877643
569,3.8857906878204718
570,4.7574750777931225
571,4.123270836033362
572,3.9240357025981543
573,4.669011409578076
574,4.108600470752532
575,5.029340772299909
576,4.60702228276371
577,4.278575130531267
578,4.590416496368828
579,4.269644247175482
580,4.506687959126854
581,5.031280594829047
582,3.9195014570170343
583,4.282739073106576
584,4.3634166360159075
585,4.150536634184192
586,4.217547044047755
587,4.608081115370521
588,4.007739421244934
589,4.909820405087173
590,4.441692227479702
591,4.577474670435047
592,4.09345688490256
593,4.073207824187747
594,4.095126352335155
595,4.180286305973669
596,3.581868387621901
597,4.011453613218906
598,4.151408303847175
599,4.229205116796351
600,3.718870967060976
601,4.165535080086385
602,4.120417077910028
603,3.9596694946950146
604,4.639268690797757
605,4.144164104845503
606,3.270365133523781
607,4.49923776523825
608,4.443852627146638
609,4.1233734426251765
610,4.869703399001231
611,3.8472081382935803
612,4.545684944581325
613,3.885633471336925
614,3.7005161896034986
615,5.011091983398815
616,4.635843723861614
617,3.80524864916835
618,3.8565201053260205
619,4.3520189198236
620,3.9224799477587666
621,4.48196787077598
622,4.010876406083007
623,3.9929181680848855
624,4.31208509486817
625,4.839992488218233
626,4.6972373313588545
627,4.560760243003437
628,4.4601549139291405
629,4.43120097357795
630,4.62950395381154
631,4.253819026554695
632,4.148740111238649
633,4.376001420895703
634,4.230429303095769
635,4.166708851252501
636,4.323370687262441
637,4.751187207730462
638,4.225340143924887
639,3.716370683631926
640,4.605833799137068
641,4.072371740198546
642,5.005826599462299
643,5.249385069145739
644,4.4324450294044615
645,4.099322349499719
646,4.056114334612415
647,3.5402939987602995
648,4.482385214841922
649,4.1909279264733
650,4.339710712152773
651,4.113121913590501
652,4.430747309989104
653,4.972486761494293
654,4.550545742513379
655,4.209386994772224
656,4.647191955139641
657,4.52605269955625
658,4.461251362031941
659,4.100231335348004
660,4.102759353995971
661,4.008506600587411
662,4.2327496759483045
663,4.091521310639449
664,4.227258859415237
665,4.282527345536239
666,4.159256337138997
667,3.733019454709331
668,3.95242827948284
669,4.1018749933941585
670,4.085454798051789
671,4.944656746575724
672,4.381956545152294
673,3.826407233610089
674,4.502134717924215
675,4.021293659378927
676,4.134544570211855
677,4.857562931151115
678,4.279961867421481
679,4.112628187757555
680,4.048488359259142
681,4.6788060638375715
682,4.661338739523462
683,4.12842013033114
684,4.8339271984837495
685,4.483376342316509
686,4.050778238963035
687,4.321595292296163
688,3.5420496191124506
689,4.60943833689663
690,4.250736487660754
691,4.793445166607669
692,4.042419882610079
693,5.058588288613775
694,4.291806047819593
695,4.246360934540632
696,3.9637053242032163
697,4.308199381656433
698,4.60152272237042
699,4.265089399433186
700,4.301721097033413
701,4.353047335683307
702,4.089136130455634
703,4.092834889795654
704,4.161998533905643
705,3.8053312923946647
706,4.386699371506491
707,4.091678081286263
708,3.9929412709743604
709,4.292903383210421
710,4.6564547238723994
711,4.092929534096841
712,4.3879457837150095
713,4.274831678101853
714,4.175735694000519
715,4.500603258927928
716,4.682220372014466
717,3.7920659552318643
718,4.618146064732024
719,4.545451414362309
720,4.280121592035258
721,4.14931892207007
722,3.9827223819422235
723,4.418089829156161
724,3.820818138673578
725,4.006194442191687
726,4.277737298709848
727,4.589923740337248
728,4.416460109105615
729,4.754068804412489
730,4.449099098848332
731,4.039076098443989
732,3.93570529926052
733,4.016100549522325
734,4.562795317587987
735,4.602146647139153
736,4.682128935185895
737,4.985168842378348
738,4.346363222711745
739,4.373043592465336
740,4.342340613111978
741,4.200604879966105
742,4.761743253339945
743,4.645610708748368
744,4.281983200159844
745,4.210666957204912
746,3.7686117009641316
747,4.196020876119553
748,3.748276041323952
749,4.11641925494215
750,4.236779647468954
751,4.827426935201196
752,4.443023954325136
753,4.384393539751619
754,4.022534174121112
755,4.1787115527605945
756,4.092872704374525
757,4.480195825040896
758,4.517274268967266
759,4.293220953876188
760,3.505804087849057
761,4.5635361173087094
762,4.539536174609361
763,4.096313884582606
764,4.707097159544485
765,4.4019098529348355
766,4.202734921897367
767,4.539009018372536
768,3.477208808011821
769,4.694612619938602
770,4.121466214961976
771,4.345431649484331
772,4.23455879689903
773,4.323202166944424
774,3.906589407184381
775,4.5867830480056035
776,4.694896960457762
777,4.252595735065228
778,4.314990112594309
779,4.293411058154206
780,4.164864745398998
781,3.5324412713942723
782,4.22895756977034
783,4.7848836724399115
784,4.584024929811843
785,4.650416430209341
786,4.7367051838302245
787,4.401551230280005
788,4.352596974138451
789,3.833572232912393
790,4.927207264544117
791,3.8844135792419583
792,4.336289426124137
793,3.92874518288128
794,4.572004606254549
795,4.102816859600408
796,4.302246377427711
797,4.639885790285474
798,3.8978339232491535
799,4.020907649872066
800,4.182273467683421
801,4.640360203247645
802,4.574179749691425
803,4.569073625095383
804,4.318736791132677
805,5.140048273919624
806,3.681757351779415
807,4.345586988897155
808,4.204478369030861
809,3.5719073882761427
810,4.147878670872212
811,4.009842860192327
812,3.9524288669753713
813,4.684369617029557
814,4.088197877473183
815,4.603876131680664
816,4.664097096142503
817,4.835626177587351
818,3.9530894348706602
819,4.519567798076157
820,4.862114729270725
821,4.486541804802422
822,4.404186389180207
823,4.827610623719223
824,4.7086932572303
825,4.665370657299301
826,3.922660705468037
827,3.6090927816238647
828,3.994958287118379
829,4.8266549283846025
830,5.161461384059313
831,4.670245213691782
832,4.813934615559975
833,4.268299340883442
834,5.024176883811977
835,3.9207876744668164
836,4.315415081733551
837,4.59689621765314
838,4.196660073090905
839,4.386782130148195
840,4.226903374826586
841,3.996992191864861
842,4.456117781588524
843,5.037324119145987
844,4.3921643240175
845,4.155464644981113
846,4.069195454430265
847,4.220797895001542
848,3.9611772740596756
849,4.435826260126341
850,4.049965151394224
851,4.623265523013361
852,4.655933243621326
853,4.091162564004691
854,4.324805750347869
855,4.270477517475662
856,4.3084669129135555
857,4.518676116944166
858,4.456879994627437
859,3.86274840657583
860,4.276835737555016
861,4.335177301672068
862,4.36580505057524
863,4.2323250837846365
864,4.485221647123857
865,3.787594856128014
866,3.7763609665697837
867,3.9215412052324563
868,4.493820826634887
869,4.263890708892606
870,4.552870800252257
871,4.421507291945229
872,4.2125200729136205
873,4.116578042956201
874,4.128833620370292
875,4.283109422441784
876,4.212028838916187
877,4.393202571634897
878,4.485608931714551
879,4.415855964636777
880,4.172337182334255
881,4.5334053512468335
882,4.273763588903119
883,4.690406225881011
884,4.675011750649789
885,4.343900350136103
886,4.589074445995
887,4.731614581598891
888,4.633676156156213
889,4.593505811055751
890,4.527453534268778
891,4.251874375109864
892,5.327868892386186
893,4.268596788448356
894,4.884275006137081
895,4.43876286954026
896,3.931811373951484
897,5.103831522765984
898,4.222645986307381
899,4.039747484339422
900,4.462648708152692
901,5.194441012278347
902,4.356648493331282
903,4.196285404796799
904,4.2759051123913805
905,4.414318980434259
906,3.9751359316209616
907,4.407657926166869
908,3.9041894684482052
909,5.116116999088469
910,4.101190765359975
911,4.4250249729165345
912,4.681887367673196
913,3.900289041604109
914,3.9241060758095285
915,4.312364482762984
916,4.353747495069652
917,4.241052675228549
918,4.734907882339315
919,4.798136154346848
920,3.7078722398016497
921,4.596221646478519
922,4.074642044480685
923,4.4821895105883955
924,4.438833943880293
925,4.302614970430173
926,4.307259649915067
927,3.8463920629481048
928,4.060204265306634
929,4.338712907879302
930,3.8523387883112323
931,3.8275925905686647
932,4.502929538386698
933,3.9656130776985448
934,4.4725283524925015
935,4.541932923977324
936,4.041854586213373
937,3.7877129387488924
938,3.9497402932446306
939,3.8942180085389517
940,4.691924330425796
941,4.164398914427118
942,3.710875937523802
943,4.192915280465187
944,4.102794413450813
945,4.377250008350207
946,4.057144622995187
947,4.037266900489674
948,4.547039649065896
949,4.5925764078748985
950,4.498736934697567
951,4.048997585033197
952,3.8054032171371324
953,4.442526310416522
954,4.324505362120107
955,4.275290204988304
956,3.965036475194486
957,3.946555597419225
958,4.096163882495734
959,3.6681362509091278
960,4.752289315977104
961,3.930860143572837
962,4.237770493188798
963,3.980373581369289
964,4.765161568298425
965,4.126722907991439
966,4.396441264826758
967,4.167767536374663
968,4.495266090317886
969,4.767864984436004
970,4.346372915764816
971,5.074960388282447
972,4.524259063375499
973,4.8541909876638805
974,4.847478322425851
975,4.401650644485472
976,4.29161268347286
977,4.255690638720892
978,3.701540040313264
979,4.119663992671364
980,4.1939918838599795
981,4.516524459286963
982,3.736176086888503
983,4.2179285513048415
984,3.7839887144882756
985,4.013497296153251
986,4.115561585779442
987,4.250678507514568
988,4.106149678981345
989,4.3996335751189
990,4.314064205565432
991,4.52962126979948
992,4.476181104026723
993,4.421055972146882
994,3.524082838883642
995,3.5081001301498684
996,4.740821375915372
997,4.135038840722864
998,4.559763883503432
999,4.964768896972726
1000,4.439146722459791
1001,4.487289511815364
1002,3.9709823059271954
1003,4.150860708047066
1004,5.01111848283704
1005,4.583224944047303
1006,4.661763054825571
1007,4.2137751528878535
1008,4.568007406957763
1009,4.8167473773994
1010,4.466200308938906
1011,3.9817132107089654
1012,4.161458232126898
1013,4.252356666033366
1014,4.272990446572402
1015,4.3529756495302925
1016,4.185764985860893
1017,4.551326356996617
1018,4.48631770422813
1019,4.475493121033996
1020,4.202787235542107
1021,3.975263573574333
1022,3.6771371494205587
1023,4.208256537911205
1024,4.443199001116387
1025,4.161715783772997
1026,4.029012323360747
1027,4.3598792675866935
1028,4.507160816169619
1029,4.28476007793469
1030,4.236135153644054
1031,4.4101141446577055
1032,4.178822005832972
1033,4.153125039022709
1034,3.98846560414943
1035,4.911717673404466
1036,4.562299774290234
1037,4.218096292387728
1038,4.342923094427127
1039,3.3683575912301915
1040,4.271175144218506
1041,4.510024369905878
1042,4.043677170760544
1043,4.038621485688924
1044,4.15296261204102
1045,3.722442324638271
1046,4.4593988657497645
1047,3.8353562530354335
1048,4.142835929671011
1049,3.7553882025168055
1050,4.587483567998805
1051,4.849236614865278
1052,4.225690584833762
1053,4.572031052466131
1054,4.066642397825822
1055,3.816329319287001
1056,4.717184225614403
1057,4.537188830768739
1058,4.583188627606389
1059,4.2981198334980295
1060,3.819028077932101
1061,4.480645261825273
1062,3.8953951904117865
1063,4.1371314416613005
1064,4.031997423217615
1065,4.249959819872977
1066,3.798520054225394
1067,4.163555545611406
1068,3.9283724664627804
1069,4.553897071475037
1070,3.9227679226019587
1071,4.142206353793218
1072,4.006557479289301
1073,4.436272347567677
1074,4.113841172707762
1075,4.479228309515831
1076,4.056052120983902
1077,4.162445060146113
1078,4.250192529010841
1079,4.199233228507191
1080,4.0649532156260655
1081,5.070696763301802
1082,4.348757593502601
1083,3.764821888402762
1084,4.484102841873221
1085,4.292690520864557
1086,4.088864755931213
1087,3.8251856670320827
1088,4.665638040505433
1089,4.067138464346977
1090,4.114137374400261
1091,4.13900774936636
1092,3.6999724735033417
1093,4.198233657480892
1094,4.432504766747234
1095,4.361002906800958
1096,3.7822244107213114
1097,3.9932693744292957
1098,4.290611020845222
1099,4.339117416079304
1100,4.715898173030031
1101,3.9270189677716014
1102,3.4893763957386263
1103,4.249368191414908
1104,4.837821058056073
1105,4.380989422728185
1106,3.8937657900573264
1107,3.9880716734948853
1108,4.6251268312252725
1109,4.313119750346611
1110,4.609670642009827
1111,3.7666489616969776
1112,4.0163453710345545
1113,4.44056237456532
1114,3.923355275002371
1115,4.183142890329221
1116,4.208457681968316
1117,4.810618805887166
1118,4.462765102330304
1119,3.9087048266133113
1120,4.524321636340001
1121,3.750892492472803
1122,4.010844205868796
1123,3.9735927690713364
1124,3.9336565625867816
1125,4.416900112852973
1126,4.35638159054901
1127,5.131080313721549
1128,3.806722209324221
1129,4.420497510415483
1130,3.657500874598531
1131,4.464214075825572
1132,4.511695741241292
1133,4.8491666701849985
1134,4.098501982428598
1135,4.184858916654772
1136,4.3420600520799315
1137,3.889926675875298
1138,3.817755188905868
1139,3.96210020633991
1140,4.09081006091512
1141,4.246963793503117
1142,4.473174107596688
1143,5.0708783787403195
1144,3.842373218217012
1145,4.41461984251096
1146,3.8167134960107814
1147,3.788025815200383
1148,4.736474320546817
1149,4.335265161656091
1150,4.224944761115361
1151,3.6403164131619077
1152,4.163688331442971
1153,4.146185900314066
1154,4.777049840486343
1155,4.515772154900945
1156,5.1221611238698666
1157,4.720956510712183
1158,4.448000616668724
1159,3.813103818169859
1160,4.432322908881735
1161,4.387352297054301
1162,4.061068500328496
1163,3.9297947481463726
1164,4.279007802487394
1165,4.128714068329693
1166,4.049959269501881
1167,4.494166901912241
1168,4.679711173082147
1169,4.386211623245188
1170,3.6948538858277473
1171,4.424710390872786
1172,4.618602190778297
1173,4.14289379812553
1174,4.555959099086477
1175,4.366543960361654
1176,4.90759862859756
1177,4.283676795198843
1178,3.9796356997025923
1179,4.675013055111027
1180,4.777985063793249
1181,3.892718653801834
1182,4.256065182275239
1183,4.412830167921659
1184,3.884757338646419
1185,4.313264772413668
1186,4.529744451383885
1187,3.6351419086231997
1188,4.182363202080699
1189,4.605467652088276
1190,4.421386588722562
1191,4.4522609827166395
1192,3.9916821932808046
1193,4.297381853398765
1194,4.445630416069473
1195,4.300111691751762
1196,4.234965591245032
1197,4.235812758528742
1198,3.7311094503395767
1199,3.8436933025835454
1200,4.474500460493594
1201,4.163912987536952
1202,4.339205366401214
1203,3.9782567792645014
1204,4.521415747742047
1205,4.5920589176235715
1206,4.496691306627783
1207,3.954086647625511
1208,4.064325117696593
1209,4.729706799846526
1210,4.0040938547997635
1211,3.628796270628452
1212,4.110373075241143
1213,4.2051341642372675
1214,4.374371395511494
1215,4.801414851389362
1216,4.244093520246862
1217,5.169930738760778
1218,3.911329223707979
1219,4.099850193224941
1220,4.030561317401213
1221,4.1408349568156595
1222,4.192412045897948
1223,3.7133797005548024
1224,3.7692234339888264
1225,4.5553289931953
1226,4.24687687631425
1227,3.8255275646202302
1228,3.9858983819086187
1229,4.4784158406072905
1230,4.408759701093827
1231,4.489263748067169
1232,4.710705932544256
1233,3.926209980117002
1234,4.511599175986717
1235,4.882226392622987
1236,4.540778180634074
1237,4.51657657872824
1238,4.015948756015658
1239,4.055976347897499
1240,4.244548651217452
1241,4.490704976391378
1242,3.914255587747712
1243,4.40118647436243
1244,4.163461904878588
1245,4.345171261192734
1246,4.027783457257452
1247,4.569138365801146
1248,4.110651059572822
1249,5.11447348460998
1250,4.206154592863114
1251,4.757768172729485
1252,4.183640066892732
1253,4.2114341598699045
1254,4.313764395073594
1255,4.516735522846277
1256,4.407324337779763
1257,4.41894216602417
1258,4.128043125054954
1259,3.985874344016043
1260,4.646939267891798
1261,3.8266104836304087
1262,4.152523769248915
1263,5.16759597225981
1264,4.634269243352028
1265,4.571799035582536
1266,4.6132721436489215
1267,3.9746022390191316
1268,4.633888107030485
1269,4.347296333645031
1270,3.734497740543021
1271,4.147505772160571
1272,4.032011598711001
1273,4.112128632062932
1274,4.596089990926487
1275,3.7472479783742116
1276,4.19311245481411
1277,4.079855694044052
1278,4.838657342345439
1279,4.283517613079717
1280,4.643529505949952
1281,4.1901083985884435
1282,4.671696825882358
1283,4.2453444866272845
1284,4.19066078628757
1285,4.461638481464885
1286,4.638858168022219
1287,4.111833168185503
1288,4.087307753021186
1289,3.6329788698367547
1290,4.836107620347881
1291,5.0999109071281685
1292,4.659005710502264
1293,4.706253772178918
1294,4.652548955933123
1295,3.7114075167664478
1296,4.225612441597805
1297,4.364597243875657
1298,4.229704795448155
1299,3.9720924567164024
1300,5.185689779715683
1301,4.377612958791904
1302,4.202163911328768
1303,4.462689445098931
1304,4.018336684709968
1305,3.569584439059848
1306,4.255312903269547
1307,4.328983683533068
1308,3.8284743696564467
1309,3.9297382748483636
1310,4.449382336663962
1311,4.467417174728917
1312,4.565590759646735
1313,4.697175030476709
1314,3.591654238604704
1315,3.932563281558089
1316,4.01915154341647
1317,4.718995757754822
1318,4.222873215256671
1319,4.418202109988204
1320,3.7169363450380786
1321,4.411084987991139
1322,4.30165602525431
1323,4.1666251711152515
1324,4.319046466097057
1325,4.160795816613152
1326,3.891884497632747
1327,3.855057190045967
1328,4.21382650930918
1329,4.485363406164092
1330,3.892647805465483
1331,4.37892638776763
1332,4.074082719605664
1333,4.418698891009966
1334,4.530484655264782
1335,3.878869237402345
1336,4.375294198943558
1337,5.151057612286145
1338,4.380882127860428
1339,3.685625727362261
1340,4.299438705599004
1341,4.594474606380651
1342,3.9055263152458544
1343,4.788915737913943
1344,3.9340818909543653
1345,4.130151648649225
1346,4.510895816159109
1347,4.44467838712847
1348,4.802307596247365
1349,4.088175853948637
1350,4.012285462592687
1351,4.0810083957743375
1352,4.5639051836707765
1353,3.817537181216552
1354,4.45434689976271
1355,3.7622799067315946
1356,4.042933877422268
1357,4.430795197858496
1358,3.9792270018414717
1359,4.167662680766847
1360,4.625634173136883
1361,4.770830127324444
1362,4.092796923096946
1363,4.082851898126382
1364,3.7086305322243023
1365,4.385081183528527
1366,4.0778577689771165
1367,4.386971134874762
1368,4.386242397396412
1369,4.247770954374058
1370,4.0110869513497525
1371,4.682839812377521
1372,4.510291310264515
1373,3.9689213343990026
1374,4.183483490352579
1375,4.298717722561217
1376,3.99721444125955
1377,4.4551851879192865
1378,4.072638574611656
1379,3.811317675576123
1380,4.158523428448721
1381,4.21771885637187
1382,3.942263742897237
1383,5.005908465168503
1384,4.410447071447424
1385,4.161739855477334
1386,3.979567010365237
1387,4.001225654485542
1388,4.20150126456662
1389,4.189827313390633
1390,4.345368425350319
1391,4.471953186201857
1392,4.617542709524587
1393,4.489223792349856
1394,4.3333507536864735
1395,4.270342165112574
1396,4.183816132438124
1397,3.754757010133848
1398,4.478937437613747
1399,4.134129049572731
1400,3.689904571964817
1401,4.588982282390041
1402,3.933455101760433
1403,4.140735304371119
1404,4.397192038726268
1405,4.932867963218806
1406,4.215673613737026
1407,4.655145540680226
1408,4.390730721708623
1409,4.436552149666429
1410,3.977365002315593
1411,4.689848209651251
1412,4.228993789317119
1413,4.2066228894508
1414,4.176812743552851
1415,4.714778060623671
1416,4.500769068057557
1417,4.812887506693281
1418,3.788215264411307
1419,4.343367196089392
1420,3.9548901023570586
1421,4.578763146378043
1422,4.027265614018607
1423,4.382860806379625
1424,4.664199957884938
1425,4.3089917187206
1426,3.97803527323347
1427,4.411462583598738
1428,4.437860833933356
1429,4.234660324218003
1430,3.8255379729349546
1431,5.021236608955562
1432,4.308726622245957
1433,4.9191746532478176
1434,4.07135267950017
1435,4.004589315180448
1436,3.8118021438656164
1437,4.116246557474973
1438,3.899708304845552
1439,4.670601256683049
1440,4.203644565399429
1441,4.5065348499806905
1442,4.418464499202603
1443,4.571381397061089
1444,3.602407406035406
1445,3.760984618715705
1446,3.96297362828446
1447,4.292925693825344
1448,3.851443800095101
1449,3.9845339106120568
1450,3.8745116211650115
1451,3.83449653694257
1452,4.351067162962288
1453,4.060310843710897
1454,3.956123381245362
1455,3.5152593352182984
1456,4.524906644796161
1457,4.221973211228341
1458,4.097529412847557
1459,4.546021637962302
1460,3.9709094840288386
1461,4.767056760960102
1462,4.262104201347817
1463,4.743100596723011
1464,3.963297833606291
1465,4.170745320100426
1466,3.7355790706399516
1467,4.3443084238167
1468,4.360489668718752
1469,4.400782195048568
1470,4.436454637440365
1471,4.032852322250799
1472,4.025853261673642
1473,4.104198764954193
1474,3.8816118165597953
1475,4.6793211863047235
1476,4.557458126025783
1477,4.527597987865223
1478,4.054367472971362
1479,3.9800562774422215
1480,3.8858144116037567
1481,4.414444922496051
1482,4.222495412282729
1483,4.690005496102683
1484,3.689799243227165
1485,4.373932287479887
1486,4.1327119971992365
1487,3.840736409504375
1488,4.264612429900987
1489,3.587006759537616
1490,5.41441868112563
1491,4.250684549108816
1492,4.073647945174413
1493,4.34199582159668
1494,4.161159281356557
1495,4.417976753408164
1496,4.528012469669376
1497,3.8866384553299977
1498,4.619373963277341
1499,4.4302604819317555
1500,4.715604161051338
1501,4.3339960277245115
1502,4.030254716006278
1503,4.8436499286662835
1504,4.5262445396909925
1505,3.688907220785101
1506,4.74947293798376
1507,4.026484176855566
1508,4.591462113215199
1509,4.882355010449931
1510,4.901953201483825
1511,4.504595395850762
1512,4.4266668730902765
1513,4.209257757354716
1514,3.861410680718407
1515,4.09472392518488
1516,4.390793745194221
1517,3.8674234407465202
1518,4.088555562942702
1519,4.096127428025465
1520,4.447967643221811
1521,4.603633355339453
1522,4.3714233876404505
1523,4.0434518272809195
1524,4.778826903998018
1525,3.937866937948109
1526,4.1133771596153235
1527,4.597692806633231
1528,3.942599574235682
1529,3.5842460940973058
1530,3.841580576985846
1531,4.472745275166272
1532,3.5652195881822144
1533,4.485282197578664
1534,4.141150501659618
1535,4.533039114684359
1536,4.2420938680219
1537,4.215120065129502
1538,4.281496885074506
1539,4.236863796658807
1540,3.9348765240677093
1541,3.9879553932595537
1542,4.613840314429966
1543,4.032770072695343
1544,4.132409546848116
1545,3.820745631036927
1546,4.249027162715923
1547,4.727377870964842
1548,3.7389620505832033
1549,4.328334576540025
1550,4.469744747689948
1551,3.856735090126696
1552,3.965675711486224
1553,4.405764671272941
1554,4.021515683188744
1555,4.088739564642891
1556,4.298598220398179
1557,4.2693025102149385
1558,4.6276528083728365
1559,4.127073766351798
1560,3.858003600917205
1561,4.3805790380734315
1562,4.361458307188139
1563,4.860463779833245
1564,4.282168484307701
1565,4.738548621591932
1566,4.321880507660982
1567,4.039872079173377
1568,4.1187803093144
1569,4.622484764528766
1570,3.7330197573884702
1571,4.986857508949074
1572,4.465316408462192
1573,3.88218463294803
1574,4.383423155475331
1575,4.372508975177185
1576,4.060449707838548
1577,3.872645143798036
1578,4.196777422590697
1579,4.513196894937701
1580,4.45982582568101
1581,4.206450694620877
1582,4.130613539864551
1583,4.7613299263400615
1584,4.705356295233286
1585,4.28824118147899
1586,4.5104089005279295
1587,3.8293588098025224
1588,4.157117305208019
1589,3.9869111615673534
1590,4.40000566233037
1591,5.39959916755216
1592,4.285078194840682
1593,4.118620176185442
1594,4.599628979149659
1595,5.015112170261341
1596,4.577411209796019
1597,4.378132653222464
1598,4.688085273192854
1599,4.5791094049390715
1600,4.152388235803151
1601,4.862885816965199
1602,4.1250033504991075
1603,4.073858170262339
1604,3.799313876145466
1605,4.632206213164938
1606,4.355757489957249
1607,3.5654670209405994
1608,3.8479561024836713
1609,4.366666978623327
1610,4.050589353739381
1611,3.951763935250507
1612,4.2684359392872455
1613,4.013231546324311
1614,4.725128315113997
1615,3.717811923775752
1616,4.659666482441578
1617,4.3242786063283845
1618,4.002966052250141
1619,4.291209209773136
1620,4.330775550135469
1621,3.9926187832427655
1622,3.8507497931581938
1623,4.551143994214111
1624,4.310525135322681
1625,4.230433486754313
1626,4.409512215776923
1627,4.190740653194764
1628,4.285599784799734
1629,4.29057090086086
1630,3.86981303831216
1631,4.337096512671211
1632,4.4904233220304715
1633,4.054181969605719
1634,3.8223661207072723
1635,4.41934580669883
1636,4.280577845964758
1637,4.0101703950657
1638,4.610243936460362
1639,4.65454003295406
1640,4.0388386703627575
1641,4.3803154018848875
1642,4.119773412086268
1643,4.102154571942959
1644,4.37587137939609
1645,4.635666249440629
1646,4.561380187269098
1647,4.08209694210929
1648,4.550986880836701
1649,4.642034102056243
1650,4.142825099786012
1651,4.276548981958233
1652,3.8991846455315082
1653,3.929968780180999
1654,3.9184222483606668
1655,3.7827659734198797
1656,4.902075796411786
1657,4.1549450514758695
1658,3.685263156026621
1659,4.634499824612916
1660,3.9118706361419195
1661,5.14204351988155
1662,4.26941643820225
1663,4.423856459743702
1664,4.604525437155515
1665,4.75264052893663
1666,3.8163913083869176
1667,3.877687430690098
1668,4.365829288726326
1669,4.191888991686511
1670,4.1829693514774355
1671,4.22372183591762
1672,4.194843521314573
1673,4.080413607728727
1674,4.812817023804706
1675,3.7034922183059136
1676,4.5507304193136795
1677,4.79862115472136
1678,4.135164416804435
1679,4.279404780856715
1680,3.5854711317998444
1681,3.9564478470594024
1682,4.25882122864923
1683,4.103722370782261
1684,4.6669067996812705
1685,4.122398395284962
1686,4.868630694801894
1687,4.338397736383504
1688,3.9585587602259626
1689,4.041736934228146
1690,4.614053638791849
1691,4.198805593748988
1692,3.904924937708898
1693,4.257888764537874
1694,4.34689243897588
1695,4.510923836860749
1696,4.367239070187272
1697,4.281093284100435
1698,3.835774089161224
1699,4.037177738287739
1700,3.6723429735158564
1701,4.233027604692752
1702,3.8138168525876206
1703,4.073130897969223
1704,4.461808853259535
1705,4.393264664539942
1706,4.438695772624439
1707,4.733249284495699
1708,3.8528854635107876
1709,4.338533402062829
1710,3.8010637710609254
1711,3.883331390775209
1712,4.405768834708268
1713,4.3387515699275125
1714,5.02633797311552
1715,3.8632088032319
1716,4.176984165023781
1717,4.18172461966389
1718,4.257731661452853
1719,4.140118686728078
1720,4.391001178533463
1721,4.6784868945919635
1722,4.411649233177672
1723,4.1739811980241575
1724,4.523139984782935
1725,4.239474544262166
1726,4.120831619417089
1727,4.376555440173363
1728,3.9005105183882685
1729,3.909856551931943
1730,4.207535055289973
1731,4.056505362006366
1732,3.979950760183346
1733,4.8185287536979216
1734,4.501614749102732
1735,4.647889539958537
1736,4.37030291980434
1737,4.09327531599423
1738,4.935772338228547
1739,4.341804895596905
1740,4.655881405701184
1741,3.9349898093465985
1742,4.065537803225334
1743,4.343679587235031
1744,4.312071624581963
1745,4.295748745455084
1746,4.544825339498215
1747,3.9090959497484272
1748,5.011205367095015
1749,3.62699477164671
1750,4.601872672567876
1751,4.2652846523845795
1752,4.591612481675027
1753,3.949458805204466
1754,3.6111023030746607
1755,3.8974206139561782
1756,4.306419782181994
1757,5.019315805152953
1758,4.059861096767351
1759,4.830836801344482
1760,4.185395584986867
1761,4.057219537478763
1762,3.9582392493676806
1763,3.4200154346907774
1764,4.199949432039572
1765,4.386434260622037
1766,3.593300124794827
1767,3.8657386267604466
1768,4.651083772666752
1769,4.3132468666086154
1770,4.616985406687712
1771,4.203927724767166
1772,4.573399356764315
1773,3.9286461755499786
1774,3.9111126029924894
1775,4.268602683899099
1776,3.9400631178533594
1777,5.170742716186211
1778,4.389914940518329
1779,4.028538842479011
1780,4.116495762018087
1781,4.082727267937829
1782,3.768079738201901
1783,3.7821400337515847
1784,4.821090434216222
1785,3.6200413261521085
1786,4.064181590419182
1787,3.574245275405861
1788,4.550151249613656
1789,4.314397776153205
1790,4.5198681878022615
1791,3.9286664783376786
1792,4.458782504382564
1793,4.097489412926708
1794,4.670549090370971
1795,4.501722972890573
1796,4.03369948455632
1797,4.641759361324814
1798,4.649097944639991
1799,4.121369479053467
1800,4.304642717813306
1801,4.02766193512386
1802,4.614578837025613
1803,4.060552828270344
1804,3.9968793450906595
1805,4.384493248129219
1806,4.2818646013198185
1807,4.257094538007934
1808,4.277883038466845
1809,4.49038679648717
1810,4.131948690995929
1811,4.267982180590896
1812,4.563565727108323
1813,4.2470305900493255
1814,4.463237317675215
1815,4.583065525304674
1816,4.738847609717358
1817,4.636578773215281
1818,5.192212079454406
1819,4.25545265707147
1820,3.9653710365626234
1821,4.284187372597236
1822,3.9800853101256015
1823,4.023140589013028
1824,3.9493158131761072
1825,3.9133444355136247
1826,4.636170236275942
1827,4.070625883781514
1828,4.067360379259531
1829,4.304229772226158
1830,3.960220188999355
1831,4.249202527593926
1832,3.8390836899682963
1833,4.191654279597471
1834,4.1869080038618955
1835,4.619137637121661
1836,4.223270466492064
1837,4.339965658390009
1838,4.572151422004475
1839,3.7444501131058456
1840,4.216658242660661
1841,4.73272350482267
1842,4.231950406627482
1843,4.326504773473666
1844,4.8650999298158775
1845,4.253321816957858
1846,4.2927279454374805
1847,4.216511136304536
1848,4.332283737548172
1849,3.9846894823549603
1850,4.217242861893392
1851,4.3852663917453185
1852,3.7792186573635926
1853,4.457921979207355
1854,4.849683577545974
1855,4.046492791807271
1856,4.595841377537396
1857,4.577833120024285
1858,4.2912793274923295
1859,4.0342554087496545
1860,4.364430377167517
1861,3.283142963401904
1862,4.257155596125105
1863,4.510783627597814
1864,3.800525933339493
1865,4.636329789407784
1866,4.00740340588979
1867,4.219636764194616
1868,3.9591053602916446
1869,4.210626040010272
1870,4.879349541537938
1871,4.2230073946478965
1872,4.222993517136109
1873,4.225389095258292
1874,3.937243330757955
1875,3.9727868980643453
1876,4.034604976566707
1877,3.9632351614086954
1878,4.380828254175446
1879,4.3970516088565565
1880,4.402569547019712
1881,3.63282998885869
1882,4.396770597244528
1883,4.254884429700262
1884,4.391148422816437
1885,4.063718419645634
1886,4.280692912109083
1887,3.8618203798477655
1888,4.063008530555974
1889,3.811229329770315
1890,4.476414822199192
1891,4.035574095953141
1892,4.319784166362516
1893,4.2938454618302
1894,4.534709000247922
1895,3.8294480330058014
1896,4.264478101858161
1897,3.9846516170315276
1898,4.5295264306624645
1899,4.3328023875932535
1900,4.154788400579058
1901,4.594051723475486
1902,4.286902857509053
1903,3.9475229027867873
1904,4.057877631019234
1905,4.927619972371419
1906,4.265885410377296
1907,4.415840297859789
1908,4.254444242037435
1909,4.088304635703455
1910,5.100957093965347
1911,4.946337099336148
1912,3.8975020645549234
1913,4.20579631041652
1914,4.04155350182459
1915,3.8560240604193745
1916,4.090260697497974
1917,4.2634664279487104
1918,3.953309211612616
1919,4.525185143047291
1920,4.438057500982666
1921,4.205788604070485
1922,4.258823938394346
1923,4.547575702362384
1924,4.2419914263316665
1925,4.465245865813238
1926,4.323704946978954
1927,4.461072219391223
1928,4.353844021657196
1929,3.7690237906910657
1930,4.097194874827825
1931,3.6478109891949413
1932,3.8464100937343844
1933,3.9858536836515124
1934,4.2965380032372575
1935,4.006690755359264
1936,4.450138825730047
1937,5.161726658556906
1938,4.109648815952937
1939,4.228064021042587
1940,4.206522089411058
1941,4.371562092036371
1942,3.9504511509146703
1943,4.680051928904078
1944,4.369482702888567
1945,4.153454987640375
1946,3.7793855333870208
1947,3.527553211696355
1948,4.725893648606311
1949,3.9194385112003
1950,4.125346944277607
1951,4.494886937890146
1952,3.9624071304627653
1953,4.247377523521161
1954,4.828857820533793
1955,4.140770601805221
1956,4.175756428498263
1957,3.7639718303971685
1958,4.431516274903569
1959,4.108811258023571
1960,4.622873050172479
1961,3.9152871553532123
1962,4.369006470518974
1963,4.176136009404613
1964,4.698746972574018
1965,4.293606273324911
1966,3.9610864787096913
1967,4.5269560856347235
1968,4.143248111781045
1969,3.858165515282757
1970,4.664496776090162
1971,3.826851037356845
1972,4.294391474328589
1973,4.282471108740992
1974,4.2722418484030005
1975,4.254268183812257
1976,4.191983719680068
1977,4.664837470317268
1978,4.277463915561714
1979,4.603646043968623
1980,4.363542183721761
1981,4.077119247070125
1982,4.9498847197565015
1983,4.347188991663695
1984,5.139755101026871
1985,4.022978582634377
1986,4.3300664419898425
1987,3.9088701401766244
1988,4.375438470588056
1989,4.338134575030273
1990,4.384461809099335
1991,4.05038428613146
1992,4.40330112364224
1993,3.8139535395387787
1994,4.2529534937845
1995,4.030726623960791
1996,4.341114650953721
1997,4.30999397873687
1998,3.9509856706346844
1999,4.274667605614455
2000,4.142325405518115
2001,3.793523598117628
2002,4.084862943468991
2003,4.709482769155856
2004,4.604886493533119
2005,4.393967148547487
2006,4.269900592642484
2007,4.352074244180223
2008,3.9648032750844333
2009,4.229078678487468
2010,3.6980653223331217
2011,4.680900612194411
2012,4.192813268990281
2013,4.6503207539202185
2014,4.142521830523991
2015,4.1988459469846555
2016,4.210329286892131
2017,4.148436834422196
2018,4.289312989340059
2019,4.134597512168342
2020,3.756712679284475
2021,4.2381429931745
2022,4.24941532706621
2023,4.567914819732042
2024,4.250777032227246
2025,4.470426736970409
2026,3.6641325508218765
2027,3.8195336565218536
2028,3.7077508996827615
2029,4.310883570714125
2030,4.093602619635369
2031,4.584822201223271
2032,3.994602461136522
2033,4.031529603024983
2034,3.6778955996291463
2035,3.713888407043105
2036,4.2290832637688744
2037,4.484590172468101
2038,4.400551680156423
